Time(H.M.S),Temp_LM75/oC,Temp_BME680/oC,Temp_NTC/oC,Pressure/kPa,Humidity/%
00.00.17,22.96,23.53,23.45,99.93,75.00
00.00.59,22.96,23.51,23.40,99.93,75.04
00.01.33,22.96,23.49,23.43,99.92,75.04
00.02.07,22.96,23.48,23.42,99.93,75.02
00.02.41,22.96,23.47,23.38,99.93,75.04
00.03.15,22.96,23.45,23.38,99.93,75.08
00.03.49,22.96,23.43,23.36,99.93,75.09
00.04.22,22.46,23.42,23.26,99.93,75.11
00.04.57,22.96,23.40,23.31,99.93,75.14
00.05.31,22.96,23.39,23.33,99.93,75.15
00.06.04,22.46,23.39,23.28,99.94,75.15
00.06.44,22.46,23.37,23.31,99.94,75.16
00.07.18,22.96,23.36,23.29,99.94,75.24
00.07.52,22.96,23.35,23.28,99.94,75.24
00.08.25,22.96,23.33,23.17,99.94,75.24
00.08.59,22.96,23.32,23.17,99.94,75.30
00.09.33,22.96,23.31,23.17,99.94,75.29
00.10.07,22.96,23.31,23.21,99.94,75.32
00.10.41,22.96,23.28,23.24,99.94,75.32
00.11.15,22.96,23.28,23.14,99.94,75.34
00.11.49,22.96,23.26,23.15,99.94,75.34
00.12.22,22.96,23.25,23.12,99.94,75.32
00.12.56,22.46,23.24,23.12,99.94,75.34
00.13.44,22.96,23.22,23.14,99.94,75.35
00.14.18,22.46,23.21,23.10,99.94,75.35
00.14.52,22.46,23.19,23.08,99.93,75.37
00.15.26,22.96,23.19,23.10,99.93,75.37
00.15.59,22.46,23.17,23.05,99.93,75.39
00.16.33,22.46,23.16,23.03,99.94,75.39
00.17.07,22.96,23.15,23.03,99.94,75.38
00.17.41,22.46,23.13,22.93,99.94,75.41
00.18.14,22.46,23.13,23.03,99.94,75.41
00.18.48,22.46,23.12,22.98,99.93,75.41
00.19.22,22.46,23.11,22.96,99.93,75.42
00.20.01,22.46,23.09,22.96,99.93,75.45
00.20.36,22.46,23.09,22.94,99.93,75.45
00.21.10,22.46,23.08,22.93,99.93,75.45
00.21.44,22.96,23.06,22.94,99.93,75.45
00.22.18,22.46,23.07,22.91,99.93,75.47
00.22.52,22.46,23.04,22.81,99.93,75.50
00.23.26,22.46,23.03,22.91,99.93,75.52
00.24.00,22.46,23.03,22.88,99.93,75.51
00.24.34,22.46,23.02,22.88,99.93,75.53
00.25.07,22.46,23.01,22.84,99.93,75.50
00.25.41,22.46,23.00,22.88,99.93,75.55
00.26.15,22.46,22.99,22.82,99.93,75.54
00.26.49,22.46,22.98,22.77,99.93,75.51
00.27.23,22.46,22.97,22.79,99.93,75.53
00.27.56,22.46,22.97,22.81,99.93,75.54
00.28.30,22.46,22.96,22.77,99.93,75.54
00.29.04,22.46,22.95,22.77,99.93,75.58
00.29.40,22.46,22.95,22.75,99.93,75.61
00.30.14,22.46,22.94,22.77,99.93,75.62
00.30.47,22.46,22.93,22.74,99.93,75.65
00.31.21,22.46,22.93,22.72,99.93,75.66
00.31.55,22.46,22.93,22.70,99.92,75.66
00.32.29,22.46,22.93,22.72,99.92,75.70
00.33.02,22.46,22.93,22.70,99.92,75.70
00.33.42,22.46,22.93,22.63,99.92,75.72
00.34.16,22.46,22.93,22.67,99.92,75.72
00.34.49,22.46,22.93,22.67,99.92,75.68
00.35.23,22.46,22.94,22.68,99.92,75.60
00.35.57,22.46,22.93,22.68,99.92,75.41
00.36.31,22.46,22.92,22.68,99.92,75.02
00.37.05,22.46,22.92,22.70,99.92,74.73
00.37.44,22.46,22.92,22.68,99.92,74.25
00.38.18,22.46,22.91,22.60,99.91,73.94
00.38.52,22.46,22.92,22.63,99.92,73.62
00.39.26,22.46,22.92,22.63,99.92,73.40
00.39.59,22.46,22.93,22.61,99.92,73.17
00.40.33,22.46,22.93,22.60,99.91,72.95
00.41.07,22.46,22.93,22.63,99.91,72.77
00.41.41,22.46,22.95,22.60,99.91,72.64
00.42.15,22.46,22.94,22.60,99.91,72.48
00.42.49,22.46,22.95,22.61,99.91,72.34
00.43.22,22.46,22.96,22.60,99.91,72.19
00.43.56,22.46,22.96,22.53,99.91,72.02
00.44.30,22.46,22.96,22.58,99.91,71.98
00.45.04,22.46,22.97,22.63,99.90,71.99
00.45.43,22.46,22.98,22.60,99.91,72.07
00.46.17,22.46,22.98,22.61,99.91,72.18
00.46.51,22.46,22.98,22.58,99.90,72.24
00.47.25,22.46,22.99,22.63,99.90,72.30
00.48.07,22.46,22.98,22.60,99.91,72.46
00.48.41,22.46,22.98,22.61,99.90,72.57
00.49.15,22.46,22.98,22.56,99.90,72.74
00.49.49,22.46,22.97,22.60,99.90,72.84
00.50.23,22.46,22.97,22.58,99.90,72.96
00.50.56,22.46,22.96,22.61,99.90,73.08
00.51.30,22.46,22.95,22.56,99.91,73.13
00.52.04,22.46,22.94,22.56,99.90,73.14
00.52.43,22.46,22.94,22.51,99.90,73.07
00.53.17,22.46,22.92,22.49,99.89,72.98
00.53.51,22.46,22.91,22.53,99.90,72.88
00.54.25,22.46,22.89,22.53,99.91,72.79
00.54.59,22.46,22.87,22.51,99.90,72.71
00.55.33,22.46,22.86,22.53,99.90,72.56
00.56.06,22.46,22.85,22.51,99.90,72.42
00.56.40,22.46,22.83,22.48,99.90,72.26
00.57.14,22.46,22.82,22.41,99.91,72.16
00.57.48,22.46,22.80,22.41,99.91,72.11
00.58.22,22.46,22.78,22.41,99.91,72.07
00.58.55,22.46,22.78,22.48,99.90,72.10
00.59.29,22.46,22.77,22.39,99.91,72.13
01.00.03,22.46,22.76,22.41,99.91,72.17
01.00.42,22.46,22.75,22.37,99.91,72.24
01.01.16,22.46,22.74,22.41,99.91,72.27
01.01.50,22.46,22.73,22.37,99.90,72.31
01.02.24,22.46,22.72,22.34,99.90,72.40
01.02.57,22.46,22.71,22.30,99.90,72.45
01.03.31,22.46,22.70,22.35,99.90,72.52
01.04.05,22.46,22.69,22.34,99.90,72.57
01.04.44,22.46,22.68,22.30,99.90,72.64
01.05.18,22.46,22.68,22.27,99.90,72.67
01.05.52,22.46,22.67,22.32,99.89,72.71
01.06.26,22.46,22.66,22.32,99.89,72.77
01.06.59,22.46,22.65,22.27,99.89,72.80
01.07.33,22.46,22.63,22.23,99.89,72.84
01.08.07,22.46,22.62,22.23,99.89,72.90
01.08.41,22.46,22.62,22.28,99.88,72.95
01.09.15,22.46,22.60,22.27,99.89,72.95
01.09.49,22.46,22.60,22.25,99.89,72.97
01.10.22,22.46,22.59,22.25,99.88,72.98
01.10.56,22.46,22.58,22.25,99.89,73.01
01.11.30,22.46,22.57,22.25,99.89,73.02
01.12.04,22.46,22.55,22.18,99.88,73.05
01.12.43,22.46,22.56,22.16,99.88,73.08
01.13.17,22.46,22.53,22.16,99.88,73.10
01.13.51,22.46,22.53,22.23,99.88,73.13
01.14.24,22.46,22.52,22.15,99.88,73.19
01.14.58,22.46,22.51,22.13,99.88,73.22
01.15.32,22.46,22.50,22.16,99.88,73.27
01.16.06,22.46,22.50,22.16,99.88,73.28
01.16.40,22.46,22.49,22.15,99.88,73.32
01.17.14,22.46,22.48,22.08,99.88,73.32
01.17.48,22.46,22.48,22.15,99.88,73.34
01.18.22,22.46,22.47,22.08,99.88,73.38
01.18.55,22.46,22.47,22.06,99.88,73.41
01.19.29,22.46,22.45,22.08,99.87,73.42
01.20.03,22.46,22.45,22.08,99.88,73.44
01.20.39,22.46,22.44,22.08,99.88,73.43
01.21.13,22.46,22.43,22.09,99.88,73.46
01.21.47,22.46,22.43,22.02,99.87,73.45
01.22.29,22.46,22.41,22.04,99.87,73.42
01.23.03,22.46,22.41,22.02,99.87,73.38
01.23.43,22.46,22.40,21.99,99.87,73.36
01.24.17,22.46,22.39,21.97,99.87,73.32
01.24.51,22.46,22.38,22.06,99.87,73.33
01.25.24,22.46,22.37,21.99,99.86,73.29
01.25.58,22.46,22.38,22.01,99.86,73.32
01.26.32,22.46,22.36,21.99,99.86,73.31
01.27.11,22.46,22.35,21.99,99.87,73.26
01.27.45,22.46,22.34,21.96,99.86,73.25
01.28.19,22.46,22.33,21.97,99.86,73.23
01.28.53,22.46,22.32,21.99,99.86,73.22
01.29.26,22.46,22.32,21.99,99.86,73.19
01.30.00,22.46,22.31,21.90,99.85,73.20
01.30.34,22.46,22.30,21.94,99.86,73.21
01.31.08,22.46,22.29,21.89,99.86,73.23
01.31.42,22.46,22.29,21.83,99.85,73.25
01.32.16,22.46,22.28,21.90,99.86,73.29
01.32.50,22.46,22.28,21.89,99.85,73.32
01.33.23,22.46,22.27,21.85,99.85,73.39
01.33.57,22.46,22.27,21.94,99.85,73.43
01.34.31,22.46,22.25,21.89,99.85,73.44
01.35.05,22.46,22.25,21.83,99.85,73.46
01.35.44,21.96,22.24,21.90,99.85,73.48
01.36.18,22.46,22.24,21.83,99.85,73.50
01.36.52,22.46,22.23,21.82,99.85,73.53
01.37.26,22.46,22.23,21.85,99.85,73.53
01.37.59,22.46,22.22,21.78,99.85,73.52
01.38.33,22.46,22.22,21.78,99.85,73.54
01.39.07,22.46,22.21,21.75,99.85,73.56
01.39.41,22.46,22.21,21.85,99.85,73.59
01.40.14,21.96,22.20,21.80,99.85,73.63
01.40.48,21.96,22.19,21.78,99.85,73.64
01.41.22,22.46,22.20,21.77,99.85,73.65
01.41.56,22.46,22.19,21.71,99.85,73.65
01.42.30,22.46,22.18,21.78,99.85,73.64
01.43.04,21.96,22.18,21.77,99.84,73.55
01.43.43,22.46,22.17,21.73,99.84,73.45
01.44.17,21.96,22.17,21.78,99.84,73.47
01.44.51,21.96,22.18,21.77,99.84,73.50
01.45.25,21.96,22.18,21.78,99.84,73.53
01.45.58,21.96,22.18,21.73,99.85,73.58
01.46.32,21.96,22.19,21.70,99.85,73.66
01.47.06,21.96,22.20,21.77,99.85,73.69
01.47.40,21.96,22.21,21.70,99.84,73.65
01.48.14,21.96,22.21,21.77,99.85,73.51
01.48.48,21.96,22.21,21.71,99.84,73.42
01.49.22,21.96,22.21,21.73,99.84,73.22
01.49.56,22.46,22.20,21.78,99.84,72.83
01.50.30,22.46,22.20,21.71,99.84,72.46
01.51.03,21.96,22.20,21.68,99.84,72.12
01.51.44,21.96,22.20,21.73,99.84,71.76
01.52.17,21.96,22.21,21.77,99.83,71.52
01.52.51,21.96,22.21,21.70,99.83,71.25
01.53.26,22.46,22.22,21.68,99.83,71.03
01.54.00,22.46,22.23,21.66,99.83,70.83
01.54.33,21.96,22.23,21.68,99.83,70.61
01.55.07,21.96,22.25,21.75,99.83,70.38
01.55.41,21.96,22.25,21.68,99.82,70.20
01.56.20,21.96,22.26,21.73,99.82,70.01
01.57.03,21.96,22.27,21.73,99.82,69.91
01.57.42,22.46,22.28,21.70,99.81,69.86
01.58.16,21.96,22.29,21.71,99.81,69.89
01.58.50,21.96,22.29,21.73,99.82,69.93
01.59.23,22.46,22.30,21.71,99.81,69.96
01.59.57,22.46,22.31,21.73,99.81,70.01
02.00.31,21.96,22.31,21.73,99.81,70.02
02.01.05,21.96,22.31,21.73,99.81,70.04
02.01.44,21.96,22.31,21.75,99.81,70.02
02.02.18,21.96,22.31,21.73,99.81,70.02
02.02.52,21.96,22.31,21.71,99.80,70.04
02.03.26,21.96,22.31,21.73,99.80,70.13
02.03.59,21.96,22.30,21.75,99.80,70.31
02.04.33,21.96,22.30,21.73,99.80,70.33
02.05.07,21.96,22.29,21.73,99.80,70.30
02.05.41,21.96,22.29,21.73,99.80,70.32
02.06.15,21.96,22.27,21.71,99.80,70.33
02.06.49,21.96,22.27,21.75,99.80,70.32
02.07.23,21.96,22.26,21.68,99.80,70.31
02.07.56,21.96,22.25,21.68,99.80,70.28
02.08.30,21.96,22.24,21.64,99.80,70.27
02.09.04,21.96,22.23,21.70,99.80,70.23
02.09.43,21.96,22.22,21.68,99.80,70.28
02.10.17,21.96,22.21,21.63,99.80,70.30
02.10.51,21.96,22.21,21.64,99.79,70.32
02.11.24,21.96,22.19,21.66,99.80,70.36
02.11.58,22.46,22.18,21.66,99.79,70.42
02.12.32,21.96,22.18,21.64,99.79,70.42
02.13.06,21.96,22.17,21.64,99.79,70.48
02.13.45,21.96,22.16,21.64,99.79,70.54
02.14.19,21.96,22.16,21.63,99.79,70.64
02.14.52,21.96,22.15,21.57,99.79,70.71
02.15.26,21.96,22.14,21.57,99.79,70.82
02.16.00,21.96,22.14,21.59,99.79,70.92
02.16.34,21.96,22.13,21.57,99.80,71.01
02.17.08,21.96,22.12,21.56,99.79,71.10
02.17.42,21.96,22.11,21.56,99.79,71.19
02.18.16,21.96,22.11,21.49,99.79,71.29
02.18.49,21.96,22.10,21.57,99.79,71.32
02.19.23,21.96,22.09,21.54,99.79,71.38
02.19.57,21.96,22.09,21.57,99.79,71.46
02.20.31,21.96,22.08,21.54,99.79,71.52
02.21.05,21.96,22.07,21.56,99.79,71.60
02.21.44,21.96,22.07,21.52,99.79,71.69
02.22.18,21.96,22.06,21.57,99.79,71.75
02.22.51,21.96,22.05,21.49,99.79,71.81
02.23.25,21.96,22.05,21.49,99.79,71.89
02.23.59,21.96,22.05,21.47,99.79,71.94
02.24.33,21.96,22.04,21.49,99.80,72.00
02.25.07,21.96,22.03,21.52,99.79,72.06
02.25.41,21.96,22.03,21.47,99.79,72.11
02.26.14,21.96,22.02,21.47,99.79,72.16
02.26.48,21.96,22.01,21.57,99.79,72.18
02.27.22,21.96,22.00,21.45,99.79,72.23
02.27.56,21.96,22.00,21.45,99.79,72.27
02.28.30,21.96,21.99,21.49,99.79,72.31
02.29.04,21.96,21.99,21.47,99.79,72.35
02.29.43,21.96,21.98,21.44,99.78,72.41
02.30.17,21.96,21.97,21.44,99.78,72.45
02.30.51,21.96,21.97,21.42,99.78,72.46
02.31.34,21.96,21.97,21.47,99.78,72.52
02.32.07,21.96,21.96,21.37,99.78,72.50
02.32.41,21.96,21.95,21.42,99.77,72.56
02.33.15,21.96,21.95,21.40,99.77,72.56
02.33.49,21.96,21.94,21.37,99.77,72.56
02.34.23,21.96,21.94,21.40,99.76,72.59
02.34.56,21.96,21.93,21.40,99.78,72.60
02.35.30,21.96,21.93,21.37,99.78,72.57
02.36.04,21.96,21.92,21.37,99.78,72.59
02.36.43,21.96,21.92,21.42,99.77,72.60
02.37.17,21.96,21.91,21.40,99.77,72.57
02.37.51,22.46,21.91,21.42,99.76,72.53
02.38.24,21.96,21.90,21.38,99.76,72.56
02.38.58,21.96,21.89,21.35,99.76,72.57
02.39.32,21.96,21.88,21.32,99.76,72.58
02.40.06,21.96,21.87,21.33,99.76,72.62
02.40.45,22.46,21.87,21.32,99.76,72.66
02.41.19,21.96,21.86,21.32,99.76,72.67
02.41.52,21.96,21.87,21.28,99.75,72.72
02.42.26,21.96,21.86,21.30,99.76,72.76
02.43.00,21.96,21.85,21.32,99.76,72.79
02.43.34,21.96,21.85,21.30,99.76,72.80
02.44.07,21.96,21.85,21.30,99.76,72.81
02.44.41,21.96,21.85,21.32,99.75,72.81
02.45.15,21.96,21.84,21.35,99.75,72.83
02.45.49,21.96,21.83,21.37,99.75,72.86
02.46.22,22.46,21.83,21.33,99.76,72.90
02.46.56,21.96,21.82,21.32,99.75,72.88
02.47.30,21.96,21.82,21.28,99.75,72.92
02.48.04,21.96,21.81,21.30,99.75,72.90
02.48.43,21.96,21.81,21.30,99.75,72.86
02.49.17,21.96,21.80,21.32,99.75,72.84
02.49.51,21.96,21.79,21.23,99.75,72.83
02.50.25,21.96,21.79,21.28,99.75,72.85
02.50.59,21.96,21.78,21.26,99.75,72.87
02.51.32,21.96,21.78,21.26,99.75,72.87
02.52.06,21.96,21.78,21.25,99.76,72.89
02.52.40,21.96,21.77,21.25,99.75,72.87
02.53.14,21.96,21.76,21.28,99.76,72.91
02.53.48,21.96,21.77,21.21,99.76,72.93
02.54.22,21.96,21.76,21.18,99.76,72.92
02.54.55,21.96,21.76,21.21,99.76,72.96
02.55.29,21.96,21.75,21.21,99.76,72.96
02.56.03,21.96,21.75,21.23,99.76,72.94
02.56.42,21.96,21.74,21.21,99.76,72.90
02.57.16,21.96,21.73,21.21,99.75,72.82
02.57.50,21.96,21.73,21.21,99.75,72.81
02.58.24,21.96,21.74,21.21,99.75,72.86
02.58.58,21.96,21.75,21.19,99.75,72.95
02.59.31,21.96,21.75,21.19,99.75,73.06
03.00.05,21.96,21.76,21.21,99.75,73.25
03.00.44,21.96,21.77,21.21,99.75,73.38
03.01.18,21.96,21.78,21.21,99.75,73.58
03.01.52,21.96,21.80,21.19,99.75,73.76
03.02.26,21.96,21.79,21.23,99.75,73.82
03.02.59,21.96,21.80,21.21,99.75,73.64
03.03.34,21.96,21.79,21.19,99.75,72.98
03.04.07,21.96,21.78,21.16,99.75,72.17
03.04.41,21.96,21.77,21.19,99.75,71.40
03.05.15,21.96,21.78,21.11,99.75,70.85
03.05.58,21.96,21.78,21.21,99.75,70.26
03.06.31,21.96,21.79,21.18,99.75,69.87
03.07.05,21.96,21.80,21.21,99.74,69.55
03.07.40,21.96,21.81,21.18,99.74,69.22
03.08.13,21.96,21.82,21.18,99.74,68.89
03.08.47,21.96,21.84,21.19,99.74,68.69
03.09.21,21.96,21.84,21.14,99.74,68.49
03.09.55,21.96,21.86,21.21,99.74,68.33
03.10.28,21.96,21.86,21.21,99.74,68.21
03.11.02,21.96,21.88,21.19,99.73,68.10
03.11.41,21.96,21.89,21.28,99.73,68.13
03.12.15,21.96,21.91,21.16,99.73,68.16
03.12.53,21.96,21.92,21.21,99.74,68.23
03.13.27,21.96,21.93,21.23,99.73,68.32
03.14.01,21.96,21.94,21.26,99.73,68.38
03.14.35,21.96,21.94,21.25,99.73,68.44
03.15.09,21.96,21.94,21.23,99.73,68.51
03.15.43,21.96,21.95,21.25,99.73,68.58
03.16.17,21.96,21.95,21.21,99.72,68.62
03.16.51,21.96,21.95,21.23,99.72,68.69
03.17.25,21.96,21.95,21.19,99.72,68.76
03.17.58,21.96,21.95,21.28,99.72,68.89
03.18.32,21.96,21.95,21.23,99.72,69.07
03.19.06,21.96,21.95,21.25,99.72,69.46
03.19.45,21.96,21.95,21.25,99.72,69.85
03.20.19,21.96,21.94,21.26,99.72,69.93
03.20.53,21.96,21.94,21.23,99.72,69.93
03.21.27,21.96,21.93,21.26,99.72,69.92
03.22.00,21.96,21.91,21.30,99.72,69.87
03.22.35,21.96,21.89,21.21,99.72,69.80
03.23.09,21.96,21.89,21.16,99.72,69.77
03.23.43,21.96,21.88,21.23,99.72,69.71
03.24.16,21.96,21.85,21.21,99.72,69.68
03.24.50,21.96,21.84,21.19,99.73,69.60
03.25.24,21.96,21.83,21.23,99.73,69.59
03.25.58,21.96,21.82,21.14,99.73,69.62
03.26.31,21.96,21.82,21.14,99.73,69.67
03.27.05,21.96,21.81,21.14,99.73,69.72
03.27.40,21.96,21.80,21.16,99.73,69.76
03.28.14,21.96,21.78,21.11,99.73,69.81
03.28.47,21.96,21.77,21.13,99.73,69.86
03.29.21,21.96,21.77,21.09,99.73,69.91
03.29.55,21.96,21.76,21.14,99.73,69.96
03.30.29,21.96,21.75,21.13,99.73,70.00
03.31.03,21.96,21.74,21.14,99.73,70.07
03.31.42,21.96,21.74,21.09,99.73,70.18
03.32.15,21.96,21.72,21.13,99.74,70.24
03.32.49,22.46,21.72,21.04,99.73,70.31
03.33.23,21.96,21.71,21.09,99.74,70.39
03.33.57,21.96,21.71,21.07,99.74,70.45
03.34.31,21.96,21.69,21.09,99.74,70.48
03.35.04,21.96,21.69,20.99,99.74,70.54
03.35.44,21.96,21.68,21.04,99.74,70.57
03.36.17,21.96,21.67,21.06,99.74,70.61
03.36.51,21.96,21.66,21.02,99.75,70.68
03.37.26,21.96,21.65,21.02,99.74,70.76
03.37.59,21.96,21.64,21.04,99.74,70.83
03.38.33,21.96,21.63,21.06,99.75,70.88
03.39.07,21.96,21.63,21.04,99.74,70.93
03.39.41,21.96,21.63,20.99,99.75,70.99
03.40.23,21.96,21.61,21.06,99.74,71.03
03.40.58,21.96,21.61,21.02,99.74,71.07
03.41.31,21.96,21.60,20.99,99.74,71.10
03.42.05,21.96,21.59,21.02,99.74,71.17
03.42.44,21.96,21.59,20.94,99.74,71.22
03.43.18,21.96,21.57,21.00,99.74,71.22
03.43.52,21.96,21.57,20.99,99.74,71.24
03.44.26,21.96,21.57,20.94,99.74,71.27
03.45.00,21.96,21.56,20.97,99.74,71.29
03.45.33,22.46,21.55,21.00,99.74,71.32
03.46.07,21.46,21.55,20.99,99.75,71.35
03.46.41,21.46,21.53,20.97,99.75,71.40
03.47.15,21.46,21.53,21.00,99.75,71.42
03.47.48,21.96,21.52,20.94,99.75,71.43
03.48.22,21.46,21.52,20.94,99.75,71.48
03.48.56,21.46,21.51,20.95,99.75,71.50
03.49.30,21.96,21.51,20.94,99.75,71.53
03.50.04,21.46,21.50,20.85,99.75,71.55
03.50.43,21.46,21.50,20.92,99.75,71.60
03.51.17,21.96,21.48,20.90,99.75,71.66
03.51.50,21.46,21.48,20.90,99.75,71.69
03.52.24,21.46,21.47,20.88,99.74,71.71
03.52.59,21.46,21.47,20.94,99.74,71.75
03.53.33,21.46,21.46,20.88,99.74,71.77
03.54.07,21.46,21.46,20.85,99.74,71.83
03.54.41,21.46,21.45,20.92,99.74,71.85
03.55.14,21.46,21.44,20.87,99.73,71.88
03.55.48,21.46,21.45,20.87,99.74,71.89
03.56.22,21.46,21.44,20.87,99.74,71.92
03.56.56,21.96,21.43,20.85,99.74,71.94
03.57.29,21.96,21.43,20.85,99.74,71.99
03.58.03,21.46,21.42,20.83,99.73,72.00
03.58.42,21.46,21.42,20.83,99.74,72.02
03.59.16,21.96,21.41,20.85,99.73,72.03
03.59.50,21.46,21.41,20.83,99.73,72.06
04.00.24,21.46,21.40,20.83,99.73,72.08
04.00.58,21.46,21.40,20.85,99.73,72.11
04.01.32,21.46,21.40,20.81,99.73,72.08
04.02.06,21.46,21.39,20.87,99.73,72.05
04.02.40,21.46,21.38,20.80,99.73,72.00
04.03.14,21.46,21.38,20.81,99.73,72.00
04.03.48,21.46,21.38,20.76,99.72,72.01
04.04.21,21.46,21.37,20.78,99.73,72.04
04.04.55,21.46,21.37,20.83,99.72,72.06
04.05.29,21.46,21.37,20.80,99.73,72.13
04.06.03,21.96,21.36,20.76,99.72,72.10
04.06.43,21.46,21.34,20.75,99.72,72.12
04.07.17,21.46,21.35,20.76,99.72,72.15
04.07.50,21.46,21.35,20.80,99.72,72.17
04.08.24,21.46,21.33,20.81,99.72,72.18
04.09.03,21.46,21.33,20.78,99.72,72.19
04.09.42,21.46,21.32,20.75,99.73,72.23
04.10.16,21.46,21.32,20.80,99.72,72.25
04.10.49,21.46,21.31,20.68,99.72,72.25
04.11.23,21.46,21.32,20.71,99.72,72.24
04.11.57,21.46,21.31,20.76,99.72,72.28
04.12.31,21.46,21.31,20.69,99.73,72.25
04.13.05,21.46,21.31,20.73,99.72,72.22
04.13.44,21.46,21.31,20.71,99.72,72.13
04.14.18,21.46,21.31,20.78,99.72,72.10
04.15.00,21.46,21.31,20.71,99.72,72.15
04.15.35,21.46,21.32,20.78,99.72,72.29
04.16.09,21.46,21.33,20.75,99.72,72.45
04.16.43,21.46,21.34,20.76,99.72,72.68
04.17.16,21.46,21.35,20.75,99.72,72.87
04.17.50,21.46,21.37,20.78,99.72,73.02
04.18.24,21.46,21.38,20.76,99.71,73.11
04.18.58,21.46,21.39,20.73,99.72,73.19
04.19.32,21.46,21.40,20.80,99.72,73.34
04.20.05,21.46,21.39,20.76,99.72,73.00
04.20.45,21.46,21.38,20.69,99.72,71.94
04.21.18,21.46,21.38,20.71,99.72,71.04
04.21.52,21.46,21.37,20.71,99.72,70.36
04.22.26,21.46,21.38,20.68,99.72,69.87
04.23.00,21.46,21.39,20.69,99.72,69.38
04.23.34,21.46,21.41,20.71,99.72,69.06
04.24.07,21.46,21.41,20.75,99.71,68.81
04.24.41,21.46,21.43,20.69,99.71,68.60
04.25.15,21.46,21.44,20.75,99.71,68.41
04.25.49,21.46,21.46,20.76,99.71,68.19
04.26.23,21.46,21.46,20.76,99.72,68.06
04.26.57,21.46,21.49,20.78,99.71,67.98
04.27.30,21.46,21.50,20.76,99.71,67.94
04.28.04,21.46,21.52,20.76,99.72,67.96
04.28.48,21.46,21.52,20.73,99.71,68.00
04.29.22,21.46,21.53,20.73,99.71,68.10
04.29.56,21.46,21.54,20.78,99.71,68.22
04.30.29,21.46,21.55,20.78,99.71,68.36
04.31.03,21.46,21.55,20.83,99.71,68.45
04.31.44,21.46,21.56,20.78,99.71,68.56
04.32.17,21.46,21.56,20.80,99.70,68.67
04.32.51,21.46,21.56,20.88,99.71,68.74
04.33.25,21.46,21.56,20.76,99.70,68.78
04.33.59,21.46,21.56,20.85,99.70,68.84
04.34.33,21.46,21.56,20.83,99.71,68.91
04.35.06,21.46,21.55,20.76,99.71,69.03
04.35.40,21.46,21.55,20.80,99.70,69.26
04.36.15,21.46,21.55,20.80,99.70,69.63
04.36.49,21.46,21.54,20.87,99.70,69.73
04.37.23,21.46,21.53,20.83,99.70,69.69
04.37.56,21.46,21.52,20.78,99.70,69.66
04.38.30,21.46,21.52,20.88,99.70,69.69
04.39.04,21.46,21.51,20.76,99.70,69.72
04.39.43,21.46,21.49,20.83,99.70,69.74
04.40.17,21.46,21.48,20.76,99.70,69.74
04.40.51,21.46,21.47,20.80,99.71,69.74
04.41.25,21.96,21.46,20.80,99.70,69.73
04.41.59,21.46,21.44,20.81,99.70,69.75
04.42.33,21.46,21.43,20.73,99.70,69.75
04.43.11,21.46,21.42,20.71,99.70,69.81
04.43.45,21.46,21.41,20.71,99.71,69.88
04.44.19,21.46,21.40,20.78,99.70,69.96
04.44.53,21.46,21.40,20.78,99.71,70.01
04.45.26,21.46,21.39,20.68,99.71,70.08
04.46.00,21.46,21.38,20.69,99.71,70.12
04.46.34,21.46,21.38,20.71,99.72,70.14
04.47.08,21.46,21.37,20.76,99.72,70.22
04.47.41,21.46,21.35,20.75,99.72,70.27
04.48.15,21.46,21.34,20.75,99.72,70.37
04.48.49,21.46,21.34,20.66,99.71,70.42
04.49.32,21.46,21.32,20.69,99.72,70.55
04.50.11,21.46,21.32,20.68,99.72,70.66
04.50.45,21.46,21.31,20.69,99.72,70.75
04.51.18,21.46,21.30,20.66,99.71,70.82
04.51.52,21.46,21.29,20.62,99.72,70.89
04.52.26,21.46,21.29,20.62,99.71,70.95
04.53.00,21.46,21.28,20.66,99.71,71.02
04.53.34,21.46,21.27,20.62,99.72,71.06
04.54.07,21.46,21.26,20.61,99.71,71.09
04.54.41,21.46,21.26,20.66,99.71,71.11
04.55.15,21.46,21.25,20.68,99.72,71.19
04.55.49,21.46,21.25,20.59,99.72,71.29
04.56.24,21.46,21.23,20.61,99.71,71.37
04.56.58,21.46,21.23,20.59,99.71,71.46
04.57.31,21.46,21.23,20.57,99.71,71.55
04.58.05,21.46,21.22,20.62,99.71,71.60
04.58.44,21.46,21.21,20.61,99.71,71.71
04.59.18,21.46,21.21,20.64,99.71,71.76
04.59.52,21.46,21.20,20.61,99.71,71.81
05.00.26,21.46,21.20,20.59,99.71,71.85
05.01.00,21.46,21.20,20.59,99.71,71.88
05.01.34,21.46,21.19,20.61,99.71,71.91
05.02.08,21.46,21.18,20.56,99.71,71.95
05.02.42,21.46,21.17,20.54,99.71,71.99
05.03.16,21.46,21.18,20.54,99.71,72.06
05.03.49,21.46,21.17,20.52,99.71,72.13
05.04.23,21.46,21.17,20.52,99.70,72.21
05.04.57,21.46,21.16,20.54,99.70,72.25
05.05.31,21.46,21.16,20.54,99.71,72.31
05.06.05,21.46,21.15,20.56,99.69,72.32
05.06.44,21.46,21.15,20.52,99.70,72.35
05.07.18,21.46,21.15,20.54,99.70,72.41
05.07.52,21.46,21.15,20.50,99.69,72.44
05.08.26,21.46,21.14,20.52,99.70,72.46
05.08.59,21.46,21.13,20.52,99.70,72.53
05.09.33,21.46,21.14,20.45,99.69,72.58
05.10.07,21.46,21.13,20.50,99.69,72.58
05.10.41,21.46,21.12,20.47,99.69,72.66
05.11.14,21.46,21.12,20.49,99.69,72.67
05.11.48,21.46,21.11,20.54,99.70,72.68
05.12.22,21.46,21.12,20.50,99.69,72.71
05.12.56,21.46,21.11,20.54,99.69,72.70
05.13.30,21.46,21.11,20.47,99.69,72.71
05.14.03,21.46,21.11,20.49,99.70,72.72
05.14.42,21.46,21.10,20.52,99.69,72.72
05.15.16,21.46,21.09,20.47,99.70,72.72
05.15.50,21.46,21.09,20.49,99.69,72.75
05.16.24,21.46,21.09,20.43,99.70,72.78
05.16.58,21.46,21.08,20.47,99.70,72.79
05.17.32,21.46,21.08,20.45,99.70,72.82
05.18.05,21.46,21.07,20.47,99.69,72.82
05.18.45,21.46,21.07,20.45,99.70,72.82
05.19.19,21.46,21.06,20.38,99.69,72.85
05.19.52,21.46,21.06,20.40,99.69,72.91
05.20.26,21.46,21.06,20.45,99.69,73.01
05.21.00,21.46,21.05,20.40,99.69,73.05
05.21.34,21.46,21.05,20.47,99.69,73.12
05.22.08,21.96,21.04,20.43,99.68,73.20
05.22.41,21.96,21.05,20.43,99.69,73.26
05.23.15,21.46,21.05,20.38,99.69,73.30
05.24.00,21.46,21.04,20.43,99.68,73.36
05.24.34,21.46,21.04,20.40,99.68,73.41
05.25.08,21.46,21.04,20.43,99.68,73.44
05.25.41,21.46,21.03,20.42,99.68,73.49
05.26.15,21.46,21.03,20.47,99.68,73.54
05.26.49,21.46,21.03,20.42,99.68,73.59
05.27.23,21.46,21.02,20.40,99.67,73.58
05.27.57,21.46,21.03,20.43,99.67,73.66
05.28.30,21.46,21.03,20.42,99.66,73.67
05.29.04,21.46,21.02,20.38,99.66,73.69
05.29.44,21.46,21.02,20.43,99.66,73.73
05.30.17,21.96,21.02,20.35,99.66,73.73
05.30.51,21.46,21.02,20.43,99.66,73.73
05.31.25,21.46,21.02,20.43,99.65,73.72
05.31.59,21.46,21.02,20.38,99.65,73.75
05.32.33,21.46,21.03,20.49,99.65,73.78
05.33.07,21.46,21.03,20.40,99.65,73.85
05.33.41,21.46,21.03,20.40,99.65,73.91
05.34.14,21.46,21.04,20.38,99.65,74.07
05.34.48,21.46,21.06,20.40,99.65,74.22
05.35.23,21.46,21.07,20.38,99.65,74.33
05.35.56,21.46,21.08,20.40,99.65,74.42
05.36.30,21.46,21.09,20.47,99.65,74.48
05.37.04,21.46,21.10,20.45,99.65,74.56
05.37.42,21.46,21.12,20.45,99.64,74.77
05.38.16,21.46,21.11,20.45,99.64,74.35
05.38.50,21.46,21.09,20.38,99.65,73.34
05.39.24,21.46,21.08,20.40,99.64,72.37
05.39.58,21.46,21.08,20.40,99.64,71.53
05.40.31,21.46,21.08,20.35,99.64,70.88
05.41.05,21.46,21.09,20.35,99.65,70.33
05.41.45,21.46,21.10,20.38,99.64,69.85
05.42.18,21.46,21.12,20.42,99.64,69.50
05.42.52,21.46,21.14,20.45,99.64,69.21
05.43.26,21.46,21.15,20.45,99.64,68.96
05.44.00,21.46,21.18,20.42,99.64,68.77
05.44.34,21.46,21.18,20.43,99.64,68.56
05.45.07,21.46,21.20,20.45,99.64,68.40
05.45.46,21.46,21.21,20.45,99.64,68.25
05.46.20,21.46,21.23,20.43,99.64,68.18
05.46.54,21.46,21.25,20.45,99.65,68.24
05.47.28,21.46,21.27,20.47,99.65,68.34
05.48.02,21.46,21.28,20.49,99.65,68.47
05.48.41,21.46,21.29,20.49,99.66,68.63
05.49.15,21.46,21.29,20.43,99.66,68.74
05.49.48,21.46,21.31,20.52,99.66,68.86
05.50.22,21.46,21.31,20.54,99.66,68.93
05.50.56,21.46,21.31,20.52,99.66,69.01
05.51.30,21.46,21.31,20.61,99.65,69.07
05.52.04,21.46,21.31,20.52,99.65,69.11
05.52.43,21.46,21.31,20.52,99.65,69.10
05.53.17,21.46,21.31,20.52,99.65,69.12
05.53.51,21.46,21.31,20.52,99.65,69.14
05.54.25,21.46,21.31,20.57,99.66,69.29
05.54.59,21.96,21.32,20.52,99.65,69.71
05.55.33,21.46,21.32,20.52,99.66,70.36
05.56.07,21.46,21.31,20.52,99.65,70.80
05.56.45,21.46,21.31,20.54,99.66,71.03
05.57.19,21.46,21.30,20.52,99.65,71.16
05.57.53,21.46,21.29,20.54,99.65,71.24
05.58.42,21.46,21.27,20.50,99.66,71.25
05.59.16,21.96,21.26,20.52,99.66,71.21
05.59.50,21.46,21.25,20.54,99.66,71.20
06.00.24,21.46,21.24,20.54,99.66,71.18
06.00.57,21.96,21.23,20.47,99.66,71.19
06.01.31,21.46,21.21,20.52,99.66,71.18
06.02.05,21.46,21.21,20.52,99.66,71.22
06.02.44,21.46,21.19,20.56,99.66,71.28
06.03.18,21.46,21.19,20.47,99.66,71.36
06.03.52,21.96,21.18,20.50,99.66,71.45
06.04.25,21.46,21.17,20.45,99.66,71.53
06.05.00,21.46,21.17,20.52,99.66,71.60
06.05.34,21.46,21.16,20.42,99.66,71.74
06.06.08,21.46,21.15,20.43,99.66,71.83
06.06.42,21.46,21.14,20.47,99.66,71.93
06.07.16,21.46,21.14,20.45,99.66,72.02
06.07.50,21.46,21.13,20.43,99.67,72.09
06.08.23,21.96,21.13,20.49,99.66,72.14
06.08.57,21.46,21.12,20.47,99.66,72.26
06.09.31,21.96,21.12,20.43,99.66,72.38
06.10.05,21.46,21.12,20.43,99.66,72.45
06.10.44,21.46,21.10,20.42,99.66,72.55
06.11.18,21.96,21.10,20.43,99.66,72.65
06.11.52,21.46,21.10,20.42,99.67,72.73
06.12.25,21.46,21.10,20.43,99.66,72.79
06.12.59,21.46,21.09,20.40,99.67,72.86
06.13.33,21.46,21.08,20.43,99.66,72.96
06.14.07,21.46,21.08,20.43,99.66,73.02
06.14.41,21.46,21.08,20.37,99.66,73.05
06.15.14,21.46,21.07,20.38,99.66,73.13
06.15.48,21.46,21.08,20.42,99.66,73.16
06.16.22,21.96,21.07,20.40,99.66,73.23
06.16.56,21.46,21.06,20.35,99.66,73.24
06.17.30,21.46,21.06,20.45,99.66,73.28
06.18.04,21.46,21.05,20.33,99.66,73.34
06.18.44,21.46,21.05,20.35,99.66,73.40
06.19.17,21.46,21.04,20.35,99.65,73.44
06.19.51,21.96,21.04,20.35,99.66,73.46
06.20.25,21.46,21.04,20.37,99.66,73.50
06.20.59,21.46,21.04,20.35,99.66,73.54
06.21.33,21.96,21.03,20.35,99.66,73.59
06.22.06,21.46,21.03,20.35,99.67,73.67
06.22.40,21.46,21.02,20.37,99.67,73.69
06.23.14,21.46,21.02,20.30,99.67,73.73
06.23.48,21.46,21.02,20.33,99.67,73.77
06.24.22,21.46,21.01,20.33,99.68,73.81
06.24.56,21.46,21.01,20.38,99.68,73.86
06.25.29,21.46,21.01,20.35,99.68,73.88
06.26.03,21.46,21.01,20.37,99.69,73.92
06.26.43,21.96,21.00,20.33,99.69,73.92
06.27.17,21.46,20.99,20.35,99.69,73.93
06.27.50,21.46,21.00,20.35,99.69,73.95
06.28.24,21.46,20.99,20.33,99.69,73.97
06.28.58,21.46,20.99,20.33,99.69,73.98
06.29.32,21.46,20.98,20.28,99.69,74.03
06.30.06,21.96,20.98,20.33,99.69,74.07
06.30.45,21.46,20.98,20.31,99.69,74.08
06.31.19,21.96,20.97,20.33,99.69,74.10
06.31.53,21.46,20.98,20.31,99.70,74.12
06.32.26,21.46,20.97,20.26,99.70,74.15
06.33.12,21.46,20.97,20.30,99.70,74.19
06.33.46,21.46,20.97,20.30,99.70,74.21
06.34.20,21.96,20.97,20.33,99.69,74.25
06.34.54,21.46,20.97,20.35,99.69,74.26
06.35.27,21.96,20.96,20.28,99.68,74.29
06.36.01,21.46,20.96,20.28,99.68,74.31
06.36.36,21.46,20.96,20.30,99.69,74.29
06.37.09,21.46,20.95,20.28,99.69,74.28
06.37.43,21.46,20.95,20.31,99.69,74.28
06.38.17,21.46,20.95,20.28,99.69,74.28
06.38.51,21.46,20.95,20.26,99.70,74.27
06.39.25,21.46,20.94,20.30,99.69,74.27
06.39.59,21.46,20.94,20.23,99.69,74.25
06.40.33,21.46,20.94,20.28,99.70,74.29
06.41.07,21.46,20.92,20.26,99.70,74.26
06.41.41,21.46,20.94,20.30,99.70,74.25
06.42.15,21.46,20.93,20.23,99.70,74.23
06.42.49,21.46,20.92,20.26,99.71,74.22
06.43.22,21.46,20.92,20.26,99.71,74.23
06.43.56,21.46,20.92,20.25,99.71,74.23
06.44.30,21.46,20.92,20.26,99.71,74.20
06.45.04,21.46,20.91,20.26,99.72,74.20
06.45.40,21.46,20.92,20.19,99.71,74.21
06.46.14,21.46,20.91,20.30,99.71,74.19
06.46.48,21.46,20.91,20.23,99.71,74.17
06.47.23,21.46,20.91,20.23,99.71,74.17
06.47.56,21.46,20.91,20.25,99.70,74.21
06.48.30,21.46,20.90,20.21,99.70,74.22
06.49.04,21.46,20.90,20.26,99.71,74.28
06.49.43,21.46,20.90,20.23,99.71,74.34
06.50.17,21.46,20.91,20.26,99.71,74.37
06.50.51,21.46,20.90,20.21,99.71,74.43
06.51.24,21.46,20.91,20.19,99.72,74.50
06.51.58,21.46,20.91,20.21,99.72,74.60
06.52.32,21.46,20.92,20.26,99.72,74.68
06.53.06,21.46,20.94,20.30,99.72,74.83
06.53.40,21.46,20.94,20.26,99.71,74.98
06.54.14,21.46,20.95,20.26,99.72,75.13
06.54.48,21.46,20.96,20.26,99.72,75.30
06.55.21,21.46,20.97,20.31,99.72,75.42
06.55.55,21.46,20.99,20.33,99.72,75.62
06.56.29,21.46,20.99,20.21,99.71,75.44
06.57.03,21.46,20.97,20.26,99.70,74.61
06.57.42,21.46,20.96,20.25,99.70,73.49
06.58.16,21.46,20.95,20.21,99.70,72.43
06.58.49,21.46,20.94,20.18,99.70,71.56
06.59.23,21.46,20.95,20.23,99.70,70.95
06.59.57,21.46,20.97,20.23,99.69,70.47
07.00.31,21.96,20.98,20.25,99.69,70.06
07.01.05,21.46,21.00,20.21,99.68,69.65
07.01.44,21.46,21.03,20.30,99.69,69.32
07.02.18,21.46,21.03,20.26,99.69,69.11
07.02.52,21.46,21.06,20.25,99.70,68.92
07.03.25,21.46,21.07,20.37,99.70,68.73
07.03.59,21.46,21.08,20.30,99.70,68.58
07.04.33,21.46,21.10,20.26,99.70,68.38
07.05.07,21.46,21.12,20.38,99.70,68.26
07.05.41,21.46,21.13,20.35,99.70,68.24
07.06.15,21.46,21.14,20.33,99.70,68.28
07.06.48,21.96,21.16,20.35,99.71,68.40
07.07.35,21.46,21.18,20.37,99.70,68.62
07.08.09,21.96,21.19,20.38,99.71,68.75
07.08.42,21.46,21.20,20.40,99.71,68.90
07.09.16,21.46,21.21,20.40,99.71,68.99
07.09.50,21.46,21.22,20.37,99.71,69.08
07.10.24,21.46,21.22,20.43,99.70,69.11
07.10.58,21.46,21.22,20.42,99.70,69.14
07.11.31,21.46,21.22,20.42,99.70,69.10
07.12.05,21.46,21.21,20.38,99.70,69.06
07.12.44,21.46,21.22,20.43,99.69,68.97
07.13.18,21.46,21.21,20.38,99.70,69.08
07.13.52,21.46,21.22,20.37,99.69,69.37
07.14.26,21.46,21.24,20.43,99.70,70.00
07.15.00,21.46,21.24,20.43,99.70,70.67
07.15.34,21.46,21.23,20.38,99.70,70.95
07.16.08,21.46,21.21,20.43,99.70,71.07
07.16.42,21.46,21.21,20.43,99.70,71.18
07.17.16,21.46,21.20,20.50,99.70,71.25
07.17.50,21.46,21.19,20.42,99.70,71.32
07.18.23,21.46,21.19,20.38,99.71,71.43
07.18.57,21.46,21.18,20.40,99.71,71.53
07.19.31,21.46,21.17,20.40,99.71,71.62
07.20.05,21.46,21.17,20.45,99.70,71.74
07.20.44,21.46,21.15,20.43,99.70,71.89
07.21.18,21.46,21.15,20.38,99.69,72.00
07.21.52,21.46,21.16,20.40,99.69,72.16
07.22.26,21.46,21.15,20.37,99.69,72.31
07.23.00,21.46,21.15,20.38,99.68,72.46
07.23.34,21.46,21.15,20.40,99.68,72.54
07.24.08,21.46,21.14,20.37,99.68,72.68
07.24.42,21.46,21.15,20.38,99.68,72.81
07.25.16,21.46,21.15,20.37,99.68,72.96
07.25.50,21.46,21.15,20.40,99.68,73.10
07.26.23,21.46,21.15,20.37,99.68,73.24
07.26.57,21.46,21.15,20.37,99.68,73.38
07.27.31,21.46,21.16,20.43,99.69,73.51
07.28.05,21.46,21.16,20.42,99.68,73.62
07.28.44,21.46,21.18,20.40,99.69,73.76
07.29.18,21.46,21.17,20.38,99.69,73.88
07.29.52,21.46,21.18,20.47,99.69,74.00
07.30.26,21.46,21.19,20.40,99.70,74.15
07.31.00,21.46,21.18,20.37,99.69,74.31
07.31.34,21.46,21.18,20.43,99.69,74.40
07.32.08,21.46,21.18,20.42,99.69,74.40
07.32.42,21.46,21.18,20.38,99.69,74.40
07.33.16,21.96,21.18,20.37,99.69,74.38
07.33.50,21.46,21.19,20.42,99.70,74.35
07.34.24,21.96,21.18,20.38,99.69,74.31
07.34.58,21.96,21.18,20.37,99.69,74.28
07.35.31,21.96,21.19,20.43,99.70,74.24
07.36.05,21.96,21.19,20.42,99.70,74.21
07.36.45,21.96,21.19,20.40,99.70,74.20
07.37.19,21.96,21.19,20.40,99.69,74.19
07.37.53,21.96,21.21,20.42,99.69,74.22
07.38.26,21.96,21.22,20.43,99.69,74.23
07.39.01,21.96,21.22,20.43,99.69,74.25
07.39.36,21.96,21.23,20.42,99.69,74.28
07.40.10,21.96,21.24,20.42,99.68,74.33
07.40.43,21.96,21.24,20.43,99.68,74.38
07.41.17,21.96,21.24,20.45,99.68,74.38
07.42.03,21.96,21.27,20.42,99.69,74.42
07.42.42,21.96,21.28,20.42,99.69,74.42
07.43.16,21.96,21.29,20.47,99.69,74.43
07.43.55,21.96,21.29,20.49,99.70,74.46
07.44.29,21.96,21.30,20.47,99.69,74.50
07.45.03,21.96,21.30,20.47,99.69,74.53
07.45.43,21.96,21.31,20.50,99.69,74.56
07.46.17,21.96,21.31,20.47,99.69,74.53
07.46.51,21.96,21.33,20.49,99.70,74.51
07.47.25,21.96,21.34,20.43,99.70,74.46
07.47.59,21.96,21.36,20.50,99.70,74.47
07.48.33,21.96,21.36,20.52,99.69,74.53
07.49.06,21.96,21.37,20.52,99.69,74.59
07.49.41,21.96,21.38,20.50,99.69,74.68
07.50.14,21.96,21.38,20.52,99.68,74.80
07.50.48,21.96,21.40,20.50,99.68,74.92
07.51.22,21.96,21.41,20.52,99.68,75.02
07.51.56,21.96,21.43,20.52,99.68,75.13
07.52.30,21.96,21.44,20.50,99.68,75.20
07.53.04,21.96,21.46,20.66,99.68,75.24
07.53.43,21.96,21.47,20.59,99.68,75.37
07.54.17,22.46,21.49,20.61,99.68,75.48
07.54.51,21.96,21.51,20.64,99.68,75.57
07.55.25,21.96,21.52,20.66,99.69,75.62
07.55.59,21.96,21.54,20.62,99.69,75.66
07.56.33,22.46,21.55,20.68,99.69,75.75
07.57.07,22.46,21.57,20.64,99.69,75.81
07.57.41,21.96,21.60,20.64,99.69,75.88
07.58.15,22.46,21.60,20.62,99.69,75.81
07.58.49,22.46,21.60,20.64,99.69,75.56
07.59.28,22.46,21.61,20.69,99.69,75.18
08.00.02,22.46,21.61,20.64,99.69,74.82
08.00.42,22.46,21.60,20.64,99.69,74.43
08.01.15,22.46,21.61,20.69,99.68,74.13
08.01.49,22.46,21.61,20.64,99.68,73.81
08.02.23,22.46,21.62,20.64,99.69,73.57
08.02.57,21.96,21.63,20.66,99.69,73.38
08.03.31,22.46,21.65,20.69,99.69,73.22
08.04.05,22.46,21.73,20.76,99.69,73.14
08.04.41,22.46,21.78,20.80,99.69,71.03
08.05.15,22.46,21.84,20.81,99.67,69.31
08.05.49,22.46,21.94,20.87,99.68,68.18
08.06.22,22.46,22.06,20.90,99.68,67.54
08.06.56,22.46,22.21,20.99,99.68,67.01
08.07.30,22.46,22.37,21.04,99.68,66.39
08.08.04,22.46,22.54,21.11,99.69,65.70
08.08.44,22.46,22.77,21.26,99.69,64.69
08.09.17,22.46,22.96,21.40,99.68,63.85
08.09.52,22.46,23.20,21.49,99.68,63.04
08.10.26,22.46,23.40,21.61,99.68,61.99
08.10.59,22.46,23.61,21.73,99.68,60.85
08.11.33,22.46,23.81,21.78,99.68,59.85
08.12.07,22.46,24.13,22.01,99.68,58.92
08.12.41,22.46,24.45,22.22,99.67,57.53
08.13.15,22.46,24.74,22.42,99.67,56.39
08.13.49,22.46,25.08,22.61,99.67,55.27
08.14.23,22.46,25.41,22.89,99.67,54.37
08.14.57,22.46,25.69,23.08,99.67,53.70
08.15.31,22.46,25.99,23.28,99.67,52.86
08.16.05,22.46,26.26,23.48,99.66,52.34
08.16.56,22.46,26.41,23.68,99.67,51.30
08.17.30,22.46,26.49,23.78,99.68,51.21
08.18.04,22.46,26.49,23.80,99.67,51.13
08.18.43,22.46,26.52,23.80,99.68,51.01
08.19.17,22.46,26.55,23.87,99.67,50.79
08.19.50,22.46,26.61,23.94,99.67,51.30
08.20.24,22.46,26.66,24.03,99.66,51.41
08.20.58,22.46,26.70,24.01,99.66,51.49
08.21.32,22.46,26.73,24.03,99.67,51.12
08.22.06,22.46,26.76,24.04,99.67,51.18
08.22.45,22.46,26.80,24.17,99.67,51.52
08.23.18,22.46,26.82,24.20,99.67,51.40
08.23.52,22.46,26.83,24.13,99.66,51.34
08.24.31,22.46,26.81,24.17,99.66,52.50
08.25.05,22.46,26.76,24.17,99.66,51.70
08.25.44,22.46,26.70,24.13,99.66,50.69
08.26.18,22.46,26.62,24.17,99.65,49.85
08.26.52,22.46,26.54,24.13,99.65,50.05
08.27.25,22.46,26.47,24.11,99.65,49.42
08.27.59,22.46,26.40,24.06,99.65,48.90
08.28.33,22.46,26.31,24.01,99.65,48.89
08.29.07,22.46,26.23,23.99,99.64,49.80
08.29.41,22.46,26.16,23.96,99.65,50.13
08.30.15,21.96,26.07,23.92,99.64,50.51
08.30.48,21.96,25.99,23.92,99.65,51.08
08.31.22,21.96,25.92,23.80,99.65,51.10
08.31.56,21.96,25.81,23.82,99.65,50.55
08.32.30,21.96,25.75,23.76,99.65,50.55
08.33.04,21.96,25.66,23.75,99.65,50.33
08.33.44,21.46,25.59,23.64,99.65,50.92
08.34.18,21.46,25.54,23.61,99.65,50.82
08.34.52,21.46,25.48,23.61,99.64,50.79
08.35.26,21.46,25.45,23.54,99.64,51.33
08.35.59,21.46,25.40,23.52,99.64,51.60
08.36.33,21.46,25.37,23.54,99.64,52.23
08.37.07,21.46,25.32,23.45,99.64,52.19
08.37.42,21.46,25.30,23.47,99.64,53.06
08.38.15,21.46,25.27,23.45,99.65,53.16
08.38.49,21.46,25.22,23.43,99.65,53.47
08.39.23,21.46,25.20,23.38,99.64,52.97
08.39.57,21.46,25.17,23.40,99.65,52.58
08.40.30,21.46,25.15,23.40,99.65,53.15
08.41.04,21.46,25.12,23.35,99.65,53.18
08.41.44,21.46,25.09,23.38,99.65,53.00
08.42.18,20.96,25.07,23.29,99.65,53.08
08.42.52,20.96,25.05,23.31,99.65,53.31
08.43.25,20.96,25.04,23.31,99.65,53.76
08.43.59,20.96,25.03,23.29,99.66,54.09
08.44.33,20.96,25.01,23.35,99.66,54.02
08.45.07,20.96,24.99,23.24,99.66,53.76
08.45.41,20.96,24.97,23.28,99.66,53.43
08.46.15,20.96,24.96,23.22,99.66,53.47
08.46.49,20.96,24.93,23.26,99.66,53.03
08.47.23,20.96,24.90,23.22,99.67,52.45
08.47.56,20.96,24.88,23.22,99.68,52.21
08.48.30,20.96,24.86,23.24,99.67,52.50
08.49.04,20.96,24.84,23.19,99.68,52.47
08.49.45,20.96,24.82,23.19,99.66,52.21
08.50.19,20.96,24.79,23.17,99.66,52.27
08.50.53,20.96,24.77,23.12,99.66,52.49
08.51.42,20.96,24.74,23.08,99.66,52.45
08.52.15,20.96,24.72,23.15,99.66,52.70
08.52.49,20.96,24.72,23.08,99.66,53.86
08.53.23,20.96,24.73,23.10,99.66,55.11
08.53.57,20.96,24.74,23.12,99.65,55.50
08.54.31,20.96,24.76,23.15,99.65,55.55
08.55.05,20.96,24.77,23.10,99.65,55.21
08.55.41,20.96,24.81,23.15,99.66,54.99
08.56.14,20.96,24.86,23.15,99.66,54.93
08.56.48,20.96,24.90,23.19,99.66,54.82
08.57.23,20.96,24.96,23.24,99.66,54.57
08.57.57,20.96,25.02,23.22,99.65,54.38
08.58.31,20.96,25.08,23.28,99.65,54.54
08.59.05,20.96,25.15,23.29,99.65,54.50
08.59.44,20.96,25.23,23.36,99.65,54.60
09.00.18,20.96,25.30,23.36,99.65,54.63
09.00.52,20.96,25.36,23.45,99.65,54.65
09.01.26,20.96,25.43,23.48,99.66,54.74
09.02.00,20.96,25.50,23.55,99.65,54.63
09.02.34,20.96,25.56,23.57,99.65,54.69
09.03.07,21.46,25.62,23.61,99.66,54.45
09.03.41,21.46,25.68,23.64,99.66,54.40
09.04.15,21.46,25.74,23.73,99.65,54.22
09.04.50,21.46,25.81,23.69,99.66,54.16
09.05.24,21.46,25.87,23.82,99.66,53.99
09.05.57,21.46,25.94,23.85,99.66,53.99
09.06.31,21.46,25.99,23.90,99.66,53.97
09.07.05,21.46,26.06,23.96,99.66,54.09
09.07.40,21.46,26.14,23.96,99.66,54.23
09.08.14,21.46,26.21,24.06,99.66,54.25
09.08.48,21.96,26.29,24.10,99.66,53.91
09.09.22,21.96,26.37,24.11,99.66,53.67
09.10.01,21.96,26.47,24.20,99.66,53.45
09.10.34,21.96,26.57,24.25,99.67,53.43
09.11.08,21.96,26.66,24.32,99.66,53.45
09.11.42,21.96,26.74,24.38,99.67,53.43
09.12.16,21.96,26.84,24.48,99.67,53.47
09.12.50,21.96,26.92,24.52,99.67,53.41
09.13.24,21.96,27.01,24.52,99.67,53.37
09.13.58,22.46,27.11,24.67,99.68,53.25
09.14.32,22.46,27.19,24.71,99.67,53.10
09.15.05,22.46,27.27,24.80,99.67,52.99
09.15.44,22.46,27.36,24.87,99.67,52.76
09.16.18,22.46,27.43,24.96,99.67,52.66
09.16.52,22.46,27.50,24.94,99.67,52.56
09.17.26,22.46,27.57,25.01,99.66,52.54
09.18.00,22.46,27.64,25.10,99.67,52.46
09.18.34,22.46,27.70,25.13,99.67,52.37
09.19.07,22.96,27.77,25.20,99.67,52.45
09.19.43,22.96,27.83,25.24,99.67,52.54
09.20.17,22.96,27.89,25.31,99.67,52.55
09.20.51,22.96,27.94,25.29,99.67,52.62
09.21.31,22.96,28.00,25.36,99.67,52.71
09.22.05,22.96,28.04,25.41,99.67,52.41
09.22.44,22.96,28.09,25.48,99.68,52.01
09.23.19,22.96,28.13,25.54,99.68,52.26
09.23.52,22.96,28.16,25.57,99.67,52.79
09.24.26,22.96,28.20,25.59,99.67,53.14
09.25.00,22.96,28.23,25.61,99.67,53.32
09.25.34,22.96,28.24,25.73,99.67,52.88
09.26.19,23.46,28.26,25.70,99.67,52.59
09.26.53,23.46,28.26,25.68,99.67,52.80
09.27.27,23.46,28.27,25.73,99.67,53.11
09.28.02,23.46,28.26,25.73,99.66,53.25
09.28.38,23.46,28.25,25.75,99.66,53.29
09.29.12,23.46,28.24,25.91,99.66,53.35
09.29.46,23.46,28.24,25.80,99.66,53.27
09.30.20,23.46,28.23,25.82,99.66,53.31
09.30.54,23.46,28.23,25.79,99.66,53.53
09.31.28,23.46,28.22,25.82,99.66,53.59
09.32.02,23.46,28.21,25.86,99.67,53.75
09.32.42,23.46,28.20,25.86,99.67,53.46
09.33.16,23.46,28.20,25.86,99.67,53.57
09.33.50,23.46,28.19,25.89,99.67,53.80
09.34.24,23.46,28.18,25.84,99.66,53.94
09.34.57,23.46,28.17,25.89,99.66,53.57
09.35.31,23.46,28.16,25.84,99.66,53.55
09.36.05,23.46,28.14,25.84,99.65,53.61
09.36.44,23.46,28.13,25.87,99.65,53.69
09.37.18,23.46,28.11,25.94,99.65,53.59
09.37.52,23.46,28.11,25.93,99.65,53.27
09.38.25,23.46,28.09,25.87,99.65,52.90
09.38.59,23.46,28.09,25.84,99.65,52.75
09.39.33,23.46,28.08,25.89,99.65,52.79
09.40.07,23.46,28.08,25.87,99.65,52.76
09.40.41,23.46,28.08,25.89,99.65,52.76
09.41.15,23.46,28.09,25.93,99.65,53.16
09.41.49,23.46,28.10,25.91,99.65,53.39
09.42.23,23.46,28.10,25.93,99.65,53.70
09.42.56,23.96,28.12,25.94,99.66,53.62
09.43.30,23.96,28.13,25.93,99.65,53.88
09.44.04,23.96,28.13,25.94,99.65,53.79
09.44.44,23.96,28.13,25.94,99.65,53.26
09.45.18,23.96,28.14,25.98,99.64,53.13
09.45.52,23.96,28.15,26.02,99.65,53.38
09.46.25,23.96,28.15,26.02,99.64,53.55
09.46.59,23.96,28.16,26.05,99.64,53.75
09.47.33,23.96,28.15,26.03,99.65,53.21
09.48.07,23.96,28.15,26.02,99.64,53.16
09.48.46,23.96,28.16,26.03,99.64,52.86
09.49.20,23.96,28.16,26.03,99.64,53.09
09.49.54,23.96,28.16,26.07,99.64,53.42
09.50.28,23.96,28.16,26.09,99.63,53.27
09.51.01,23.96,28.16,26.09,99.63,52.81
09.51.38,23.96,28.16,26.05,99.63,52.65
09.52.12,23.96,28.16,26.16,99.63,53.10
09.52.45,23.96,28.17,26.07,99.63,53.20
09.53.19,23.96,28.17,26.07,99.63,53.13
09.53.53,23.96,28.17,26.07,99.63,53.10
09.54.27,23.96,28.17,26.14,99.63,52.62
09.55.01,23.96,28.17,26.07,99.63,52.57
09.55.35,23.96,28.18,26.14,99.63,53.01
09.56.09,23.96,28.17,26.10,99.63,52.89
09.56.42,23.96,28.18,26.12,99.62,52.98
09.57.16,23.96,28.18,26.14,99.62,53.25
09.57.50,23.96,28.18,26.09,99.62,52.90
09.58.24,23.96,28.18,26.16,99.62,52.65
09.58.58,23.96,28.17,26.16,99.62,52.84
09.59.32,23.96,28.17,26.10,99.62,52.42
10.00.05,23.96,28.19,26.16,99.62,53.05
10.00.53,23.96,28.18,26.16,99.62,53.21
10.01.27,23.96,28.19,26.18,99.62,53.34
10.02.01,23.96,28.19,26.23,99.62,53.07
10.02.34,23.96,28.19,26.19,99.62,52.27
10.03.08,23.96,28.20,26.16,99.62,52.32
10.03.42,23.96,28.20,26.25,99.62,52.35
10.04.16,23.96,28.21,26.19,99.62,52.26
10.04.49,23.96,28.23,26.19,99.62,52.51
10.05.23,23.96,28.23,26.19,99.61,52.66
10.05.57,23.96,28.24,26.25,99.61,53.24
10.06.31,23.96,28.24,26.21,99.61,53.24
10.07.05,23.96,28.24,26.28,99.61,52.90
10.07.44,23.96,28.25,26.23,99.61,52.62
10.08.18,23.96,28.25,26.26,99.61,53.31
10.08.52,23.96,28.25,26.28,99.61,53.35
10.09.26,23.96,28.24,26.26,99.61,53.07
10.10.00,23.96,28.23,26.32,99.61,52.28
10.10.35,23.96,28.23,26.26,99.61,52.21
10.11.09,23.96,28.23,26.26,99.61,52.35
10.11.43,23.96,28.22,26.26,99.61,52.15
10.12.17,23.96,28.22,26.30,99.61,51.99
10.12.50,23.96,28.22,26.26,99.61,52.39
10.13.24,23.96,28.23,26.26,99.62,52.54
10.13.58,23.96,28.23,26.30,99.62,52.78
10.14.32,23.96,28.24,26.30,99.61,52.55
10.15.06,23.96,28.26,26.34,99.62,53.01
10.15.40,23.96,28.27,26.34,99.62,52.94
10.16.14,23.96,28.29,26.30,99.61,52.78
10.16.48,23.96,28.30,26.32,99.61,52.92
10.17.22,23.96,28.32,26.32,99.61,52.43
10.17.56,23.96,28.34,26.37,99.61,51.78
10.18.29,23.96,28.36,26.35,99.61,51.63
10.19.03,23.96,28.39,26.37,99.62,51.50
10.19.44,23.96,28.42,26.37,99.62,51.78
10.20.18,23.96,28.45,26.37,99.62,51.68
10.20.51,23.96,28.47,26.41,99.62,51.73
10.21.25,23.96,28.51,26.42,99.62,51.77
10.21.59,23.96,28.53,26.42,99.61,51.08
10.22.33,23.96,28.56,26.46,99.61,51.06
10.23.07,23.96,28.59,26.50,99.62,51.01
10.23.46,23.96,28.61,26.53,99.62,51.48
10.24.20,23.96,28.63,26.41,99.62,51.51
10.24.53,23.96,28.64,26.50,99.62,51.05
10.25.27,23.96,28.66,26.53,99.62,51.34
10.26.01,23.96,28.66,26.50,99.62,51.45
10.26.40,23.96,28.68,26.55,99.62,51.47
10.27.14,23.96,28.69,26.57,99.62,51.38
10.27.48,23.96,28.69,26.51,99.62,51.45
10.28.22,23.96,28.69,26.55,99.62,51.45
10.28.56,23.96,28.68,26.58,99.62,51.28
10.29.29,23.96,28.68,26.58,99.63,51.43
10.30.04,23.96,28.66,26.62,99.63,51.58
10.30.43,23.96,28.65,26.62,99.63,51.59
10.31.17,23.96,28.64,26.57,99.63,51.71
10.31.51,23.96,28.62,26.57,99.63,51.76
10.32.25,23.96,28.61,26.62,99.63,52.07
10.32.59,23.96,28.59,26.58,99.63,51.92
10.33.33,23.96,28.57,26.53,99.63,51.83
10.34.07,23.96,28.55,26.57,99.62,51.76
10.34.41,23.96,28.55,26.55,99.62,52.02
10.35.27,23.96,28.53,26.60,99.62,52.68
10.36.01,23.96,28.52,26.53,99.63,52.27
10.36.34,23.96,28.50,26.57,99.63,52.59
10.37.08,23.96,28.48,26.55,99.62,51.94
10.37.42,23.96,28.46,26.55,99.62,51.78
10.38.16,23.96,28.44,26.51,99.62,52.44
10.38.49,23.96,28.42,26.57,99.62,52.40
10.39.23,23.96,28.41,26.55,99.63,52.32
10.39.57,23.96,28.40,26.55,99.62,52.45
10.40.31,23.96,28.39,26.55,99.62,52.96
10.41.05,23.96,28.37,26.46,99.62,53.00
10.41.40,23.96,28.36,26.48,99.62,52.77
10.42.14,23.96,28.34,26.46,99.62,52.33
10.42.48,23.96,28.32,26.44,99.62,52.24
10.43.22,23.96,28.31,26.48,99.62,52.04
10.43.55,23.96,28.29,26.50,99.62,52.42
10.44.29,23.96,28.29,26.48,99.61,52.75
10.45.03,23.96,28.28,26.48,99.62,53.06
10.45.43,23.96,28.28,26.46,99.62,53.02
10.46.17,23.96,28.26,26.44,99.62,52.82
10.46.51,23.96,28.24,26.44,99.62,52.82
10.47.25,23.96,28.24,26.41,99.62,53.07
10.47.59,23.96,28.23,26.44,99.62,52.62
10.48.33,23.96,28.23,26.42,99.62,52.79
10.49.06,23.96,28.23,26.42,99.62,52.88
10.49.40,23.96,28.22,26.42,99.62,53.00
10.50.14,23.96,28.21,26.44,99.62,52.46
10.50.48,23.96,28.19,26.42,99.62,52.38
10.51.22,23.96,28.19,26.41,99.61,52.88
10.51.56,23.96,28.18,26.41,99.61,53.31
10.52.29,23.96,28.17,26.41,99.61,53.29
10.53.03,23.96,28.16,26.37,99.61,53.16
10.53.42,23.96,28.15,26.44,99.61,52.98
10.54.16,23.96,28.14,26.35,99.60,53.20
10.54.50,23.96,28.12,26.37,99.61,52.97
10.55.24,23.96,28.11,26.35,99.61,52.67
10.55.57,23.96,28.10,26.39,99.60,52.86
10.56.31,23.96,28.10,26.35,99.60,52.65
10.57.05,23.96,28.09,26.32,99.61,52.64
10.57.44,23.96,28.09,26.32,99.61,52.54
10.58.18,23.96,28.09,26.37,99.61,52.48
10.58.57,23.96,28.09,26.37,99.60,52.86
10.59.30,23.96,28.10,26.41,99.60,53.20
11.00.04,23.96,28.09,26.37,99.60,52.94
11.00.43,23.96,28.10,26.35,99.60,53.11
11.01.17,23.96,28.10,26.32,99.60,52.82
11.01.51,23.96,28.11,26.35,99.59,52.40
11.02.25,23.96,28.11,26.39,99.59,52.89
11.02.59,23.96,28.12,26.35,99.59,52.34
11.03.33,23.96,28.12,26.35,99.59,52.11
11.04.11,23.96,28.12,26.37,99.59,51.92
11.04.45,23.96,28.13,26.37,99.59,51.71
11.05.19,23.96,28.14,26.37,99.59,51.90
11.05.53,23.96,28.15,26.41,99.59,52.22
11.06.27,23.96,28.16,26.37,99.59,51.78
11.07.01,23.96,28.16,26.37,99.59,51.78
11.07.35,23.96,28.16,26.37,99.59,51.38
11.08.09,23.96,28.18,26.37,99.59,51.30
11.08.43,23.96,28.18,26.39,99.59,51.42
11.09.16,23.96,28.19,26.41,99.59,51.02
11.10.02,23.96,28.21,26.39,99.59,51.64
11.10.38,23.96,28.22,26.34,99.59,51.74
11.11.12,23.96,28.23,26.44,99.59,51.88
11.11.45,23.96,28.23,26.44,99.59,51.22
11.12.19,23.96,28.24,26.50,99.59,51.63
11.12.53,23.96,28.24,26.39,99.59,51.92
11.13.27,23.96,28.24,26.37,99.58,51.61
11.14.01,23.96,28.25,26.46,99.58,51.79
11.14.35,23.96,28.25,26.50,99.58,52.39
11.15.08,23.96,28.25,26.44,99.58,52.99
11.15.42,23.96,28.25,26.44,99.58,52.60
11.16.16,23.96,28.27,26.44,99.58,52.31
11.16.50,23.96,28.27,26.42,99.58,51.89
11.17.24,23.96,28.28,26.39,99.57,51.28
11.17.58,23.96,28.31,26.48,99.58,51.28
11.18.32,23.96,28.34,26.51,99.58,51.95
11.19.06,23.96,28.35,26.48,99.58,52.13
11.19.45,23.96,28.37,26.48,99.58,49.87
11.20.19,23.96,28.41,26.50,99.58,50.40
11.20.53,23.96,28.44,26.50,99.58,50.78
11.21.27,24.46,28.48,26.55,99.58,50.87
11.22.02,23.96,28.49,26.58,99.57,50.32
11.22.49,23.96,28.53,26.57,99.57,50.41
11.23.24,23.96,28.55,26.57,99.58,51.00
11.23.58,23.96,28.58,26.60,99.58,51.37
11.24.31,23.96,28.60,26.62,99.58,51.62
11.25.05,23.96,28.61,26.66,99.58,50.39
11.25.45,23.96,28.63,26.60,99.57,50.05
11.26.19,23.96,28.64,26.64,99.57,50.18
11.26.53,23.96,28.65,26.64,99.57,50.42
11.27.27,23.96,28.66,26.71,99.57,50.87
11.28.01,23.96,28.67,26.73,99.56,51.04
11.28.35,23.96,28.68,26.73,99.56,51.20
11.29.08,23.96,28.69,26.71,99.56,50.18
11.29.42,23.96,28.70,26.76,99.56,50.56
11.30.16,23.96,28.71,26.73,99.56,50.63
11.30.50,23.96,28.71,26.73,99.56,49.73
11.31.24,23.96,28.72,26.64,99.56,49.72
11.31.58,23.96,28.72,26.73,99.56,49.99
11.32.32,23.96,28.73,26.69,99.56,50.94
11.33.06,23.96,28.72,26.73,99.56,51.29
11.33.45,23.96,28.70,26.71,99.55,51.54
11.34.19,23.96,28.69,26.73,99.56,51.52
11.34.53,23.96,28.66,26.74,99.56,51.55
11.35.27,23.96,28.65,26.67,99.56,51.73
11.36.01,23.96,28.64,26.69,99.56,52.28
11.36.35,24.46,28.61,26.66,99.56,52.24
11.37.09,23.96,28.59,26.74,99.57,52.28
11.37.43,23.96,28.58,26.64,99.57,52.32
11.38.17,23.96,28.56,26.67,99.56,52.78
11.38.51,23.96,28.54,26.66,99.56,52.75
11.39.25,23.96,28.52,26.64,99.56,52.78
11.39.59,23.96,28.50,26.66,99.56,52.34
11.40.33,23.96,28.48,26.62,99.55,52.51
11.41.06,23.96,28.46,26.67,99.55,52.70
11.41.41,23.96,28.45,26.60,99.55,52.25
11.42.15,23.96,28.44,26.64,99.54,52.08
11.42.48,23.96,28.44,26.58,99.54,52.57
11.43.22,23.96,28.43,26.60,99.54,52.84
11.43.56,24.46,28.41,26.64,99.53,52.97
11.44.47,23.96,28.38,26.55,99.52,52.87
11.45.20,24.46,28.38,26.60,99.52,53.03
11.45.54,23.96,28.37,26.58,99.52,53.32
11.46.28,24.46,28.35,26.57,99.52,53.34
11.47.02,23.96,28.34,26.53,99.52,53.33
11.47.42,23.96,28.32,26.57,99.52,52.99
11.48.16,24.46,28.31,26.55,99.52,53.19
11.48.50,23.96,28.31,26.53,99.53,53.47
11.49.24,24.46,28.31,26.55,99.53,53.28
11.49.57,23.96,28.29,26.51,99.53,53.43
11.50.31,23.96,28.28,26.55,99.53,53.50
11.51.05,23.96,28.28,26.53,99.53,53.40
11.51.44,23.96,28.26,26.57,99.53,53.04
11.52.18,23.96,28.25,26.51,99.54,53.10
11.52.52,23.96,28.25,26.46,99.54,53.01
11.53.26,23.96,28.24,26.50,99.54,52.90
11.53.59,23.96,28.23,26.55,99.54,52.45
11.54.33,23.96,28.23,26.46,99.54,52.99
11.55.07,23.96,28.22,26.50,99.54,53.19
11.55.41,23.96,28.21,26.50,99.55,52.91
11.56.15,23.96,28.20,26.48,99.54,53.11
11.56.48,23.96,28.20,26.50,99.55,52.93
11.57.22,23.96,28.19,26.46,99.54,53.18
11.57.56,23.96,28.18,26.48,99.54,53.16
11.58.30,23.96,28.17,26.46,99.54,53.20
11.59.04,23.96,28.16,26.48,99.54,53.03
11.59.44,23.96,28.16,26.48,99.54,53.47
12.00.18,23.96,28.15,26.41,99.54,53.43
12.00.52,23.96,28.14,26.46,99.54,53.12
12.01.26,23.96,28.13,26.42,99.54,53.12
12.02.00,23.96,28.13,26.46,99.54,52.87
12.02.34,23.96,28.13,26.50,99.54,52.80
12.03.08,23.96,28.14,26.42,99.54,53.16
12.03.41,23.96,28.13,26.41,99.54,53.12
12.04.15,24.46,28.12,26.46,99.54,53.23
12.04.49,23.96,28.13,26.42,99.54,53.24
12.05.23,23.96,28.12,26.39,99.54,53.16
12.05.57,23.96,28.11,26.42,99.54,53.26
12.06.31,23.96,28.12,26.41,99.54,53.46
12.07.04,23.96,28.12,26.44,99.54,53.68
12.07.44,23.96,28.12,26.44,99.54,53.84
12.08.19,23.96,28.12,26.41,99.54,53.87
12.08.53,23.96,28.12,26.48,99.54,53.49
12.09.26,23.96,28.12,26.41,99.53,53.48
12.10.01,23.96,28.12,26.37,99.53,53.41
12.10.41,23.96,28.11,26.37,99.53,53.42
12.11.15,23.96,28.11,26.41,99.54,53.18
12.11.49,23.96,28.11,26.37,99.53,53.09
12.12.23,23.96,28.11,26.39,99.53,52.37
12.12.57,23.96,28.12,26.41,99.53,52.98
12.13.31,23.96,28.11,26.35,99.53,53.14
12.14.05,23.96,28.11,26.39,99.53,52.93
12.14.44,23.96,28.10,26.37,99.54,52.72
12.15.19,23.96,28.10,26.42,99.53,52.63
12.15.54,23.96,28.09,26.41,99.54,50.69
12.16.28,23.96,28.05,26.44,99.53,49.01
12.17.01,23.96,28.02,26.34,99.53,48.83
12.17.36,23.96,27.99,26.35,99.53,48.49
12.18.10,23.96,27.96,26.30,99.53,48.53
12.18.44,23.96,27.93,26.28,99.53,47.90
12.19.30,23.96,27.90,26.26,99.53,48.71
12.20.03,23.96,27.88,26.26,99.53,48.92
12.20.43,23.96,27.84,26.32,99.53,49.47
12.21.17,23.96,27.81,26.18,99.52,48.76
12.21.51,23.96,27.79,26.19,99.52,48.95
12.22.24,23.96,27.78,26.21,99.52,50.70
12.22.58,23.96,27.76,26.18,99.53,50.79
12.23.32,23.96,27.76,26.18,99.52,51.28
12.24.06,23.96,27.76,26.16,99.52,51.73
12.24.42,23.96,27.77,26.12,99.52,51.78
12.25.16,23.96,27.78,26.16,99.52,51.66
12.25.49,23.96,27.80,26.12,99.53,51.36
12.26.24,23.96,27.82,26.14,99.53,51.47
12.26.58,23.96,27.84,26.19,99.53,51.08
12.27.32,23.96,27.87,26.19,99.53,51.07
12.28.05,23.96,27.90,26.19,99.53,51.26
12.28.40,23.96,27.92,26.16,99.52,50.85
12.29.14,23.96,27.94,26.19,99.52,50.81
12.29.48,23.96,27.96,26.21,99.52,51.31
12.30.22,23.96,27.98,26.18,99.52,51.63
12.30.56,23.96,28.01,26.23,99.53,51.71
12.31.30,23.96,28.02,26.23,99.53,51.23
12.32.04,23.96,28.04,26.21,99.53,50.59
12.32.43,23.96,28.08,26.28,99.53,51.25
12.33.17,23.96,28.09,26.21,99.53,51.22
12.33.50,23.96,28.10,26.28,99.53,50.64
12.34.24,23.96,28.11,26.26,99.53,50.67
12.34.58,23.96,28.13,26.28,99.53,50.67
12.35.32,23.96,28.16,26.26,99.52,51.13
12.36.06,23.96,28.18,26.30,99.53,51.50
12.36.41,23.96,28.19,26.32,99.53,50.93
12.37.15,23.96,28.20,26.34,99.53,50.81
12.37.48,23.96,28.23,26.39,99.52,51.17
12.38.22,23.96,28.24,26.37,99.52,51.61
12.38.56,23.96,28.25,26.35,99.52,51.50
12.39.30,23.96,28.27,26.35,99.52,51.09
12.40.04,23.96,28.26,26.35,99.52,50.97
12.40.44,23.96,28.27,26.32,99.52,50.26
12.41.18,23.96,28.26,26.32,99.52,49.36
12.41.52,23.96,28.26,26.37,99.52,47.67
12.42.26,23.96,28.27,26.37,99.52,49.12
12.43.00,23.96,28.25,26.39,99.52,47.46
12.43.34,23.96,28.26,26.39,99.52,47.42
12.44.08,23.96,28.26,26.41,99.52,49.08
12.44.42,23.96,28.26,26.39,99.53,49.82
12.45.15,23.96,28.24,26.44,99.53,48.94
12.45.49,23.96,28.24,26.41,99.53,49.54
12.46.28,23.96,28.24,26.37,99.53,50.32
12.47.02,23.96,28.23,26.39,99.53,51.08
12.47.40,23.96,28.23,26.41,99.53,51.22
12.48.14,23.96,28.23,26.35,99.53,51.72
12.48.54,23.96,28.22,26.35,99.53,50.72
12.49.27,23.96,28.21,26.39,99.53,51.17
12.50.06,23.96,28.22,26.34,99.53,52.63
12.50.41,23.96,28.22,26.35,99.53,53.15
12.51.15,23.96,28.22,26.39,99.53,53.79
12.51.49,23.96,28.22,26.37,99.53,53.99
12.52.23,24.46,28.21,26.39,99.52,53.74
12.52.57,24.46,28.21,26.39,99.53,53.52
12.53.31,23.96,28.21,26.37,99.52,53.49
12.54.16,24.46,28.22,26.41,99.52,53.13
12.54.50,24.46,28.20,26.37,99.52,51.80
12.55.24,24.46,28.20,26.37,99.52,50.58
12.55.57,24.46,28.20,26.39,99.52,51.03
12.56.32,24.46,28.21,26.39,99.52,52.50
12.57.06,24.46,28.19,26.37,99.51,52.64
12.57.45,24.46,28.19,26.41,99.51,53.02
12.58.19,24.46,28.18,26.35,99.50,53.05
12.58.54,24.46,28.17,26.37,99.50,53.23
12.59.28,24.46,28.18,26.37,99.51,53.44
13.00.01,24.46,28.18,26.41,99.51,53.64
13.00.42,24.46,28.16,26.37,99.50,52.82
13.01.16,24.46,28.14,26.42,99.51,50.75
13.01.49,24.46,28.13,26.39,99.51,51.13
13.02.23,24.46,28.14,26.39,99.52,50.77
13.02.57,24.46,28.13,26.41,99.52,51.68
13.03.31,24.46,28.13,26.37,99.52,52.34
13.04.05,24.46,28.11,26.37,99.51,51.31
13.04.44,24.46,28.10,26.35,99.51,50.89
13.05.18,24.46,28.09,26.39,99.51,52.13
13.05.52,24.46,28.07,26.35,99.51,50.40
13.06.26,24.46,28.07,26.32,99.51,51.46
13.07.00,24.46,28.07,26.32,99.51,51.97
13.07.34,24.46,28.05,26.35,99.52,51.45
13.08.13,24.46,28.04,26.34,99.50,51.29
13.08.47,24.46,28.03,26.35,99.50,51.40
13.09.23,24.46,28.02,26.28,99.50,51.94
13.10.17,24.46,28.01,26.30,99.51,52.45
13.10.52,24.46,27.99,26.28,99.51,51.57
13.11.55,24.46,27.98,26.26,99.51,51.56
13.12.57,24.46,27.97,26.28,99.51,51.88
13.14.12,24.46,27.96,26.28,99.51,52.95
